state,code,year,campervans,source_report
New South Wales,NSW,2021,28163,BITRE Jan 2023
Victoria,VIC,2021,21449,BITRE Jan 2023
Queensland,QLD,2021,23105,BITRE Jan 2023
South Australia,SA,2021,3213,BITRE Jan 2023
Western Australia,WA,2021,1851,BITRE Jan 2023
Tasmania,TAS,2021,5390,BITRE Jan 2023
Northern Territory,NT,2021,112,BITRE Jan 2023
Australian Capital Territory,ACT,2021,661,BITRE Jan 2023
New South Wales,NSW,2022,30059,BITRE Jan 2023
Victoria,VIC,2022,22779,BITRE Jan 2023
Queensland,QLD,2022,24528,BITRE Jan 2023
South Australia,SA,2022,3456,BITRE Jan 2023
Western Australia,WA,2022,1917,BITRE Jan 2023
Tasmania,TAS,2022,5608,BITRE Jan 2023
Northern Territory,NT,2022,96,BITRE Jan 2023
Australian Capital Territory,ACT,2022,728,BITRE Jan 2023
New South Wales,NSW,2023,31292,BITRE Jan 2023
Victoria,VIC,2023,24223,BITRE Jan 2023
Queensland,QLD,2023,25735,BITRE Jan 2023
South Australia,SA,2023,3673,BITRE Jan 2023
Western Australia,WA,2023,1951,BITRE Jan 2023
Tasmania,TAS,2023,5735,BITRE Jan 2023
Northern Territory,NT,2023,110,BITRE Jan 2023
Australian Capital Territory,ACT,2023,794,BITRE Jan 2023
New South Wales,NSW,2024,32088,BITRE Jan 2024
Victoria,VIC,2024,24805,BITRE Jan 2024
Queensland,QLD,2024,28171,BITRE Jan 2024
South Australia,SA,2024,3801,BITRE Jan 2024
Western Australia,WA,2024,1939,BITRE Jan 2024
Tasmania,TAS,2024,5885,BITRE Jan 2024
Northern Territory,NT,2024,121,BITRE Jan 2024
Australian Capital Territory,ACT,2024,891,BITRE Jan 2024
New South Wales,NSW,2025,33346,BITRE Jan 2025
Victoria,VIC,2025,26273,BITRE Jan 2025
Queensland,QLD,2025,29945,BITRE Jan 2025
South Australia,SA,2025,4068,BITRE Jan 2025
Western Australia,WA,2025,2692,BITRE Jan 2025
Tasmania,TAS,2025,6089,BITRE Jan 2025
Northern Territory,NT,2025,131,BITRE Jan 2025
Australian Capital Territory,ACT,2025,937,BITRE Jan 2025
